Component	Variance
1	0.42864701
2	0.18376792
3	0.09146436
4	0.06391475
5	0.05318759
6	0.03982815
7	0.0315572
8	0.02166945
9	0.01486427
10	0.01300429
11	0.01126306
12	0.00948034
13	0.00842409
14	0.00778485
15	0.00506367

